,wl,pure,salty,cdom,bbw,Kd
0,300.0,0.00467,0.00467,5.759272676005731,,
1,302.0,0.00433,0.00433,5.616851029693158,,
2,304.0,0.00356,0.00356,5.477507391727201,,
3,306.0,0.00313,0.00313,5.341925149073176,,
4,308.0,0.00275,0.00275,5.209729827179849,,
5,310.0,0.00236,0.00236,5.080779037180082,,
6,312.0,0.00205,0.00205,4.955082424395115,,
7,314.0,0.00185,0.00185,4.832591618110279,,
8,316.0,0.00176,0.00176,4.713230182590742,,
9,318.0,0.00163,0.00163,4.596773569306689,,
10,320.0,0.00147,0.00147,4.483159070338065,,
11,322.0,0.00133,0.00133,4.372365772929759,,
12,324.0,0.00124,0.00124,4.264354515168819,,
13,326.0,0.00118,0.00118,4.159037842756007,,
14,328.0,0.00112,0.00112,4.056319966844676,,
15,330.0,0.00107,0.00107,3.956146722920577,,
16,332.0,0.00101,0.00101,3.8584355306969744,,
17,334.0,0.00099,0.00099,3.763175354999911,,
18,336.0,0.00095,0.00095,3.6702466676192445,,
19,338.0,0.00091,0.00091,3.57961141010158,,
20,340.0,0.00085,0.00085,3.491192957461841,,
21,342.0,0.00082,0.00082,3.404986082790819,,
22,344.0,0.00081,0.00081,3.320926922736548,,
23,346.0,0.00082,0.00082,3.238962943837961,,
24,348.0,0.00084,0.00084,3.1590329096897682,,
25,350.0,0.00089,0.00089,3.081106848918031,0.005917300004512072,0.009873328644656235
26,352.0,0.00094,0.00094,3.0051060239464333,0.005773780023446307,0.009710469563298865
27,354.0,0.00097,0.00097,2.9309629005337015,0.0056302600423805416,0.00952539923520195
28,356.0,0.00098,0.00098,2.858631118063164,0.00549218002561247,0.009326536695023981
29,358.0,0.00099,0.00099,2.788085460565851,0.005359539944038261,0.009135894099289365
30,360.0,0.00106,0.00106,2.719341828459045,0.005226899862464052,0.00901065764613317
31,362.0,0.00115,0.00115,2.652317210982607,0.005104179872432724,0.00892196788194697
32,364.0,0.0012,0.0012,2.5869096593158463,0.004981459875125438,0.008789429673210527
33,366.0,0.00121,0.00121,2.523078260358148,0.00486323991935933,0.008620161313847638
34,368.0,0.00122,0.00122,2.46082311115695,0.0047495200342382304,0.0084577094144711
35,370.0,0.00124,0.00124,2.400115293967098,0.004635800149117131,0.00830602214692614
36,372.0,0.00127,0.00127,2.340916851925991,0.0045302799917408265,0.008177542358847352
37,374.0,0.00129,0.00129,2.283170765329304,0.00442475984164048,0.008038184956170523
38,376.0,0.00133,0.00133,2.2268709284924677,0.004322999717260245,0.007925988214244067
39,378.0,0.00137,0.00137,2.1719621271834426,0.00422499962587608,0.007819388727539798
40,380.0,0.0013000000000000002,0.0013000000000000002,2.118300016612675,0.004126999534491915,0.007594787262391618
41,382.0,0.001385,0.001385,2.0661160999664867,0.004035839621792547,0.00754668780163213
42,384.0,0.00152,0.00152,2.015272707470477,0.003944679716369137,0.007551726364252737
43,386.0,0.00162,0.00162,1.9656529759698473,0.0038566598668694496,0.007523803138058942
44,388.0,0.001555,0.001555,1.9170958290138962,0.0037717800587415695,0.0073246317276896575
45,390.0,0.001615,0.001615,1.8698609574322222,0.0036869002506136894,0.007258615406879448
46,392.0,0.001735,0.001735,1.8238538003905092,0.0036077802069485188,0.00726497928370212
47,394.0,0.00186,0.00186,1.7789905269140385,0.003528660163283348,0.007276309862045164
48,396.0,0.00199,0.00199,1.7352430178673952,0.003452200115134474,0.007296675047173391
49,398.0,0.0021349999999999997,0.0021349999999999997,1.6925938483790914,0.003378400062501896,0.007336652844144475
50,400.0,0.0022600000000000003,0.0022600000000000003,1.6509812707001281,0.0033046000098693185,0.007355116021185172
51,402.0,0.002385,0.002385,1.610399197485783,0.003235640047932975,0.007380726045471304
52,404.0,0.002505,0.002505,1.570817185490169,0.003166680078720674,0.007400760413014771
53,406.0,0.00264,0.00264,1.5322304196633787,0.003099960089457454,0.007439765370137363
54,408.0,0.002735,0.002735,1.4945596976412703,0.0030354800655914005,0.007439853491072179
55,410.0,0.00281,0.00281,1.4578014146182012,0.002971000041725347,0.0074187141767404746
56,412.0,0.0028,0.0028,1.4218675485932573,0.0029106799520377535,0.007314647213127403
57,414.0,0.00283,0.00283,1.3868606459807515,0.002850359865988139,0.007252545250956736
58,416.0,0.002905,0.002905,1.3527638075760031,0.00279193986170867,0.007240471215011569
59,418.0,0.0030800000000000003,0.0030800000000000003,1.3196106748676215,0.002735419942837325,0.007335852056954429
60,420.0,0.003235,0.003235,1.2872604166877415,0.00267890002396598,0.0074099716520825585
61,422.0,0.00335,0.00335,1.2556727161918644,0.0026258999496349134,0.007447496258669866
62,424.0,0.003445,0.003445,1.2248477581601698,0.0025728998734848574,0.007463936311254154
63,426.0,0.0036049999999999997,0.0036049999999999997,1.1948512166123582,0.0025215398527507205,0.007550538326130452
64,428.0,0.00376,0.00376,1.165594242728283,0.00247181989470846,0.00763421272481084
65,430.0,0.0039299999999999995,0.0039299999999999995,1.1370784530668263,0.0024220999366662,0.007733228333757619
66,432.0,0.004090000000000001,0.004090000000000001,1.1092609180756476,0.0023753799505357165,0.007826266036766462
67,434.0,0.004285,0.004285,1.0821691508846316,0.002328659968043212,0.007955409521592523
68,436.0,0.004525,0.004525,1.055796096376024,0.0022833599705336383,0.0081331945671195
69,438.0,0.004894999999999999,0.004894999999999999,1.030210120524429,0.0022394799616449745,0.008447699390521769
70,440.0,0.00532,0.00532,1.00532,0.002195599952756311,0.008818612545491926
71,442.0,0.00583,0.00583,0.9811399120283326,0.0021542799659073353,0.009280956948544625
72,444.0,0.006345,0.006345,0.9575744245007141,0.0021129599772393703,0.009747679159290267
73,446.0,0.0069900000000000006,0.0069900000000000006,0.9347334863285529,0.002072859973850427,0.01034997426146979
74,448.0,0.00757,0.00759121,0.9124286280359595,0.002033979955740506,0.010886123519806407
75,450.0,0.008105000000000001,0.007995450000000001,0.8904923525845955,0.0019950999376305845,0.011374976724899365
76,452.0,0.008435,0.00839545,0.8691034264250578,0.001958459986781236,0.011655314799413112
77,454.0,0.008665,0.008695555,0.8481525757692073,0.0019218200322939083,0.011832152694464394
78,456.0,0.00884,0.008738850000000001,0.8274696030779818,0.001886240066596656,0.01195379667893726
79,458.0,0.00901,0.0089113,0.807427518759377,0.0018517200824135216,0.01207183680655016
80,460.0,0.009170000000000001,0.009140635000000001,0.7879414180714048,0.001817200098230387,0.012179391185172857
81,462.0,0.009405,0.009379555,0.7689516782249685,0.0017845999900600873,0.012367072599465196
82,464.0,0.00964,0.00956195,0.7503801706817179,0.001751999880070798,0.012554493758711744
83,466.0,0.009905,0.010031700000000001,0.7325590536420722,0.0017202998751599807,0.012773971705890605
84,468.0,0.010125,0.0101873,0.7148753897187134,0.0016894999680516776,0.012948470678214294
85,470.0,0.010445,0.010442676,0.6977319547909723,0.0016587000609433744,0.013225348520257533
86,472.0,0.010794999999999999,0.01079484075,0.6811148867856394,0.0016296201156364987,0.013535544657976607
87,474.0,0.011144999999999999,0.011079549999999999,0.6648493351298473,0.0016005401739676017,0.01384538859035527
88,476.0,0.011519999999999999,0.011590699999999999,0.6492188516217733,0.0015722601674497128,0.014181846480462652
89,478.0,0.011895,0.01189997,0.63378502646502,0.0015447800979018211,0.01451929699428368
90,480.0,0.01227,0.0123421,0.6188727597126334,0.0015173000283539295,0.014856392587769888
91,482.0,0.01268,0.01261945,0.6041748143668151,0.001491260016337037,0.01523139865921462
92,484.0,0.013095,0.012900050000000001,0.5898498603804867,0.0014652200043201447,0.015611147693626625
93,486.0,0.013525,0.013332150000000001,0.5760370188069557,0.0014398999974218896,0.016007094386436615
94,488.0,0.014075,0.0142206,0.5630322360940264,0.0014152999956422718,0.016526478798790517
95,490.0,0.01476,0.0147061,0.5499675285189902,0.001390699993862654,0.017183201033078275
96,492.0,0.015605,0.015553200000000001,0.5375989767610161,0.0013673400044353912,0.01800473813723244
97,494.0,0.016620000000000003,0.016637360000000004,0.5257937806075492,0.0013439800131891388,0.018998891980044473
98,496.0,0.017849999999999998,0.017734849999999996,0.5143201537914095,0.0013212600260885665,0.020212394906503
99,498.0,0.01934,0.019360615,0.5036851839553624,0.0012991800449526636,0.021690755914144672
100,500.0,0.020784999999999998,0.020672649999999997,0.4930392027410147,0.0012771000638167607,0.023121926790600794
101,502.0,0.022445,0.0224009,0.4831046809989658,0.0012561000421555946,0.024772524847635553
102,504.0,0.024225,0.024249185,0.47357814911722157,0.0012351000223134179,0.026543652353045906
103,506.0,0.026609999999999998,0.026769249999999998,0.4650042424649492,0.0012146400285928394,0.02892894650673978
104,508.0,0.029555,0.02971495,0.45712988194872667,0.0011947200628128485,0.031881590578805144
105,510.0,0.03273,0.0326887,0.4495507196785084,0.0011748000970328576,0.03506464546180856
106,512.0,0.03583,0.03598995,0.4425596097405991,0.0011559200465853792,0.03817063134125739
107,514.0,0.038380000000000004,0.03854135,0.4350727690749928,0.001137039995228406,0.040716545040789046
108,516.0,0.039904999999999996,0.040604999999999995,0.4273460234545012,0.0011186199726580526,0.04222334413242008
109,518.0,0.040575,0.0410055,0.41819785356315686,0.00110065997523634,0.04286451676469787
110,520.0,0.041389999999999996,0.0418905,0.40976994117144233,0.0010826999778146273,0.04365212235389224
111,522.0,0.041835000000000004,0.04253850000000001,0.4013349654059516,0.0010656199883669615,0.04406675525489108
112,524.0,0.042295,0.0427955,0.3927332491111553,0.001048539998009801,0.044496367690692096
113,526.0,0.042910000000000004,0.043613500000000006,0.38491125530099374,0.001031887996759906,0.045083449685960356
114,528.0,0.043644999999999996,0.044281999999999995,0.37715308369807954,0.0010156639846172766,0.0457925011032797
115,530.0,0.04441,0.044913999999999996,0.36956646735834975,0.0009994399724746472,0.04653155214661353
116,532.0,0.045349999999999994,0.045920499999999996,0.36255726937905314,0.000983991985776811,0.047448774799132294
117,534.0,0.0462,0.0466375,0.35545647968801986,0.0009685439981694799,0.04827465344624441
118,536.0,0.047085,0.0476555,0.34884971191220204,0.0009534680052638578,0.0491363241725404
119,538.0,0.048179999999999994,0.048617499999999994,0.34237520032353275,0.0009387640052409552,0.050210493377762865
120,540.0,0.049194999999999996,0.049566,0.3360707968601901,0.0009240600052180525,0.051203435484613063
121,542.0,0.05042,0.0508575,0.3302884682214073,0.0009100520283027436,0.05240943416728929
122,544.0,0.0521,0.052133425,0.3246652180340126,0.0008960440518421819,0.054074025603190835
123,546.0,0.054000000000000006,0.054302050000000004,0.32010500908892653,0.0008823660436974023,0.055960511428472956
124,548.0,0.055875,0.0563125,0.3155527606458915,0.0008690180029589101,0.05782168007088929
125,550.0,0.058255,0.0583551,0.31119469580474646,0.0008556699622204178,0.060191110519597746
126,552.0,0.059985000000000004,0.06015195,0.3067489139416064,0.0008429419949607109,0.06190584985286144
127,554.0,0.061200000000000004,0.06143415000000001,0.30194261320834215,0.0008302140286104986,0.06310106306487781
128,556.0,0.06209,0.06232625,0.2968965380937976,0.0008177820245691692,0.06396917093656919
129,558.0,0.06291,0.06334749999999999,0.2921262270452224,0.0008056459837462171,0.0647671970219689
130,560.0,0.064095,0.064333,0.2874631601484298,0.000793509942923265,0.06593254685328619
131,562.0,0.065335,0.065706,0.28332705686523285,0.0007819259890311514,0.06715419539076867
132,564.0,0.06648000000000001,0.06638235,0.278630323826743,0.0007703420360485325,0.0682798546291669
133,566.0,0.06781,0.0678464,0.2748539526811526,0.0007590200521008228,0.06959199553701398
134,568.0,0.06973,0.06969885,0.2715953679946554,0.0007479600380975171,0.07149804231373705
135,570.0,0.07205,0.0720185,0.26893017520419404,0.0007369000240942114,0.07380587592160648
136,572.0,0.074775,0.07467594999999999,0.26672585862075404,0.0007263360075739911,0.07652145153389099
137,574.0,0.07811,0.07787619999999999,0.265184379481957,0.0007157719919632655,0.07984943180669127
138,576.0,0.08224,0.08193829999999999,0.2646218240527346,0.0007054439861349238,0.08397588184272047
139,578.0,0.08692000000000001,0.08654900000000001,0.2647220517728984,0.0006953519882699766,0.08865399978077511
140,580.0,0.09312,0.092749,0.26652294345044514,0.0006852599904050294,0.09485709010944221
141,582.0,0.09985,0.09934599999999999,0.2688294494994701,0.0006756119782949099,0.10159083494086896
142,584.0,0.108415,0.1079775,0.2732763882215865,0.0006659639657300431,0.11016355382924982
143,586.0,0.118065,0.117288,0.27850564412977674,0.0006565259654962574,0.11982157232290873
144,588.0,0.12742,0.12677950000000002,0.28401666631362765,0.0006472979794125422,0.12918017316229244
145,590.0,0.13995,0.139173,0.29252796684492843,0.000638069993328827,0.14171827993765537
146,592.0,0.152365,0.1517245,0.301293119222635,0.0006292460138865863,0.15413717786732156
147,594.0,0.16724,0.166533,0.3124087568562274,0.0006204220353538403,0.1690162398105089
148,596.0,0.18559,0.184477,0.3267510715865135,0.0006117860439189826,0.18737092669797778
149,598.0,0.20512,0.203671,0.34243231224295523,0.0006033380404915079,0.20690149952587442
150,600.0,0.231455,0.2299395,0.36527478323661267,0.0005948900370640331,0.2332377127186519
151,602.0,0.23436500000000002,0.23284950000000001,0.36484334318783024,0.0005868020116395201,0.23612590179799875
152,604.0,0.24747000000000002,0.24702900000000003,0.3757639035878042,0.0005787139871245017,0.24921652304344194
153,606.0,0.254355,0.2545174,0.3800738274931972,0.000570795987641759,0.25608222567684275
154,608.0,0.257925,0.2586915,0.38114792825298194,0.0005630480122817971,0.25963100298112063
155,610.0,0.25978,0.2610155,0.38044846826671963,0.0005553000369218353,0.26146363313715526
156,612.0,0.26166999999999996,0.26317499999999994,0.3796591577734969,0.0005478759994730353,0.2633322135625889
157,614.0,0.263485,0.2651895,0.37879765367076373,0.000540451961569488,0.2651257013564517
158,616.0,0.265465,0.2669,0.3777031583623339,0.0005331819527327752,0.2670846978991244
159,618.0,0.267735,0.2699085,0.37797591863482927,0.0005260659729628969,0.2693342603580664
160,620.0,0.27292,0.274824,0.38022322456186436,0.0005189499931930186,0.27450018029698936
161,622.0,0.27703,0.2786645,0.38146140843528636,0.0005121259832776559,0.2785913005431992
162,624.0,0.28051,0.282211,0.3824698437228037,0.0005053019731349195,0.2820520192143597
163,626.0,0.28453999999999996,0.28617449999999994,0.38395794405135,0.0004986179701518267,0.2860632927976836
164,628.0,0.28969,0.2913245,0.38669366221554957,0.0004920739738736302,0.29119530626022505
165,630.0,0.29125500000000004,0.29281950000000007,0.3858339892106636,0.0004855299775954336,0.29274086735505167
166,632.0,0.29682000000000003,0.29838450000000005,0.3891024532894125,0.0004792499762515945,0.2982886073631543
167,634.0,0.30059,0.302018,0.39049611904208725,0.0004729699749077554,0.3020406080594841
168,636.0,0.30389999999999995,0.30532799999999993,0.3916215864993704,0.00046681797834935423,0.3053327781959184
169,638.0,0.30852999999999997,0.30995799999999996,0.3941209902573103,0.0004607939861216437,0.3099456627898774
170,640.0,0.31189500000000003,0.312987,0.3950719986238988,0.00045476999389393313,0.31329309937461414
171,642.0,0.31954,0.3206985,0.4007568127867205,0.000448981998488307,0.3209223002200963
172,644.0,0.32486000000000004,0.326085,0.40416666600115314,0.00044319400331005454,0.3262257579283714
173,646.0,0.32987500000000003,0.33089700000000005,0.4070508227986104,0.0004375200078357011,0.3312243970572056
174,648.0,0.33677500000000005,0.33752750000000004,0.4118010782143339,0.0004319600120652467,0.3381086811141914
175,650.0,0.34181,0.3425625,0.4150022570342514,0.0004264000162947923,0.3431274816905971
176,652.0,0.35369999999999996,0.35431599999999996,0.4249672130604295,0.00042105600596187287,0.3550030292727418
177,654.0,0.365955,0.3662357,0.43514252839466255,0.00041571199562895345,0.3672433308988305
178,656.0,0.379285,0.37916215,0.4463676627397497,0.00041047398690352566,0.3805588188226643
179,658.0,0.393295,0.39250050000000003,0.4580467027180244,0.00040534198024033685,0.3945544338945155
180,660.0,0.40973,0.4092015,0.47312936120670757,0.00040020997357714805,0.41097500325686026
181,662.0,0.41886999999999996,0.4187454,0.4810948766896734,0.0003952739762098645,0.42010037211814427
182,664.0,0.42607,0.42641475,0.48722481262521794,0.0003903379783878336,0.42728552345825943
183,666.0,0.431135,0.4317475,0.4910561568294387,0.000385495979571715,0.4323357805860106
184,668.0,0.436055,0.43639835000000005,0.49424267087483853,0.00038074798067100346,0.4372412958092737
185,670.0,0.4393,0.4398425,0.49625863950377735,0.0003759999817702919,0.44047169239844836
186,672.0,0.44555500000000003,0.44576220000000005,0.5007854200564072,0.00037143597728572786,0.44671281363995685
187,674.0,0.44896,0.44923335000000003,0.5028980419127301,0.0003668719728011638,0.45010376238759614
188,676.0,0.45371500000000003,0.45365165,0.5059913559484324,0.0003623919735673553,0.45484502696206697
189,678.0,0.462725,0.4621895,0.5132369340041544,0.0003579959795843024,0.4638417214944993
190,680.0,0.46692,0.4660485,0.5158355683678639,0.0003535999856012495,0.4680231809980692
191,682.0,0.47569999999999996,0.47442599999999996,0.5229838212700099,0.00034936799784190953,0.47679030995992644
192,684.0,0.48416,0.482683,0.5300419243911408,0.0003451360098551959,0.4852373908015168
193,686.0,0.49366,0.4917105,0.5379001283816801,0.00034098401670235035,0.49472471983411015
194,688.0,0.504365,0.5020129999999999,0.5470622023935577,0.0003369120183833729,0.5054172946590264
195,690.0,0.51828,0.515389,0.5593259336234074,0.0003328400200643955,0.5193199021029371
196,692.0,0.5328849999999999,0.5294549999999999,0.5723071268670401,0.00032891602040763246,0.5339129318848499
197,694.0,0.550705,0.546872255,0.5886663590849199,0.0003249920209782431,0.5517209618162747
198,696.0,0.572105,0.56746533,0.6082275339783662,0.00032114001226091204,0.5731092017704816
199,698.0,0.59365,0.58827078,0.6280265615762213,0.000317359995165134,0.5946426040151119
200,700.0,0.6126550000000001,0.60673818,0.645512387831722,0.000313579978069356,0.613635936880928
201,702.0,0.6509,0.6443114950000001,0.6821283642293251,0.0003099399850725604,0.6518697786930878
202,704.0,0.6924600000000001,0.68519967,0.72208283740124,0.0003062999921894516,0.693418549037656
203,706.0,0.737925,0.7303284600000001,0.7663009787534297,0.0003027240047686064,0.7388724662187377
204,708.0,0.7840499999999999,0.775915615,0.8109999691008449,0.00029921202235527744,0.7849865404931239
205,710.0,0.8478399999999999,0.8393020299999999,0.8735201483116659,0.0002957000399419485,0.8487655982679453
206,712.0,0.907455,0.89824475,0.9316180199603261,0.0002923120277955604,0.908370016969328
207,714.0,0.9756699999999999,0.96619039,0.9987396709891033,0.00028892401587654604,0.9765744251497197
208,716.0,1.0584500000000001,1.048566665,1.080312301378068,0.00028559800705352245,1.0593440209608243
209,718.0,1.14711,1.136822835,1.167784668823177,0.0002823340008717423,1.1479938065604745
210,720.0,1.2581849999999999,1.24776263,1.2779600134223186,0.0002790699946899622,1.2590585903738352
211,722.0,1.358515,1.3476888,1.3771406073691073,0.00027592199626269576,1.3593787363690948
212,724.0,1.4709649999999999,1.460003665,1.4887283046542392,0.00027277399794911616,1.4718188821201121
213,726.0,1.6094549999999999,1.5978212799999998,1.6258367057742216,0.0002696799929253757,1.6102991967986517
214,728.0,1.743905,1.730255665,1.7575793874472927,0.00026663998141884804,1.744739680462564
215,730.0,1.9797799999999999,1.962167405,1.9888165023363555,0.0002635999699123204,1.9806051641195923
216,732.0,2.078835,2.0582665500000004,2.084257678778756,0.0002606639754958451,2.079650973385578
217,734.0,2.17996,2.15918918,2.184538585522725,0.0002577279810793698,2.1807667826514665
218,736.0,2.265355,2.24854576,2.2732692864703394,0.0002548439836118632,2.2661527546867495
219,738.0,2.3341950000000002,2.323966565,2.348079665426817,0.0002520119830933254,2.3349838894914514
220,740.0,2.4058450000000002,2.4037415,2.427259245856009,0.0002491799825747876,2.406625024296151
221,742.0,2.45259,2.4575381249999997,2.4804752156419285,0.0002464439894538373,2.453361459639045
222,744.0,2.499925,2.5106481250000003,2.533018896856166,0.00024370799656026065,2.5006878949826516
223,746.0,2.53287,2.547084725,2.568903160531043,0.00024101799931486312,2.5336244743094247
224,748.0,2.5512750000000004,2.5688469250000003,2.5901266614383776,0.00023837399771764467,2.552021197619365
225,750.0,2.569235,2.58841801,2.6091723478736997,0.00023572999612042622,2.569972920929305
226,752.0,2.58168,2.60207107,2.6223129814458046,0.0001,2.5819930364999997
227,754.0,2.593825,2.61468528,2.6344274168714925,0.0001,2.5941380364999995
228,756.0,2.59929,2.6205521849999998,2.6398068867753866,0.0001,2.5996030364999996
229,758.0,2.59733,2.61845677,2.637236071494684,0.0001,2.5976430364999996
230,760.0,2.5947050000000003,2.61549486,2.6338104988887343,0.0001,2.5950180365
231,762.0,2.588255,2.6085065600000004,2.6263699841533144,0.0001,2.5885680365
232,764.0,2.58144,2.6012876250000003,2.618709999639494,0.0001,2.5817530365
233,766.0,2.574255,2.59322871,2.610220924676969,0.0001,2.5745680364999997
234,768.0,2.5235700000000003,2.5416027000000003,2.5581753754017615,0.0001,2.5238830365
235,770.0,2.484075,2.50116669,2.5173301845881655,0.0001,2.4843880364999995
236,772.0,2.45524,2.471122055,2.4868864714848544,0.0001,2.4555530364999996
237,774.0,2.42678,2.4413180899999998,2.456693281655021,0.0001,2.427093036499999
238,776.0,2.38786,2.4009869249999998,2.4159825018204777,0.0001,2.3881730364999987
239,778.0,2.33937,2.3506828050000004,2.3653081397095947,0.0001,2.3396830364999985
240,780.0,2.290955,2.300856675,2.315120908908999,0.0001,2.291268036499997
241,782.0,2.2420150000000003,2.2503040850000002,2.264216133718938,0.0001,2.2423280364999956
242,784.0,2.19226,2.198600775,2.212169334012201,0.0001,2.192573036499992
243,786.0,2.15084,2.15469518,2.167928730096541,0.0001,2.151153036499987
244,788.0,2.116775,2.1188155,2.13172231258048,0.0001,2.1170880364999807
245,790.0,2.082195,2.08235495,2.094943092242434,0.0001,2.082508036499972
246,792.0,2.0494049999999997,2.0475499999999998,2.059827339903068,0.0001,2.04971803649996
247,794.0,2.017935,2.01359367,2.0255678813008036,0.0001,2.018248036499944
248,796.0,2.00913,2.0029744099999998,2.014652976970395,0.0001,2.0094430364999383
249,798.0,1.99987,1.99163135,2.0030215721245135,0.0001,2.0001830364999322
250,800.0,1.989665,1.97934315,1.9904521465382423,0.0001,1.9899780364999242
251,802.0,1.9953400000000001,1.98266615,1.9935008644364363,0.0001,1.995653036499929
252,804.0,2.000125,1.9856363650000002,1.996203569383853,0.0001,2.0004380364999323
253,806.0,2.02209,2.0056521099999998,2.0159584091780003,0.0001,2.022403036499947
254,808.0,2.06161,2.042752665,2.052804500744634,0.0001,2.061923036499965
255,810.0,2.10753,2.086924765,2.096728420035822,0.0001,2.107843036499979
256,812.0,2.15962,2.13719963,2.1467612319305434,0.0001,2.1599330364999876
257,814.0,2.21245,2.18908757,2.1984130951377283,0.0001,2.212763036499993
258,816.0,2.28661,2.261902555,2.2709978321016955,0.0001,2.286923036499997
259,818.0,2.38231,2.356727695,2.3655984089099285,0.0001,2.3826230364999987
260,820.0,2.47742,2.45069421,2.459345905203121,0.0001,2.4777330364999997
261,822.0,2.6165499999999997,2.587740555,2.5961786390874515,0.0001,2.6168630364999994
262,824.0,2.7527999999999997,2.7211009899999996,2.7293307370490196,0.0001,2.7531130365
263,826.0,2.8465900000000004,2.8098523200000005,2.8178788738703955,0.0001,2.8469030365000005
264,828.0,2.937725,2.8952099049999998,2.9030382825492254,0.0001,2.9380380365
265,830.0,3.030335,2.983452815,2.99108790921886,0.0001,3.0306480365
266,832.0,3.1158550000000003,3.0705828850000003,3.0780294680709246,0.0001,3.1161680365000004
267,834.0,3.2065550000000003,3.1682657350000003,3.175528461279815,0.0001,3.2068680365000004
268,836.0,3.3017450000000004,3.2729234450000004,3.2800068539290526,0.0001,3.3020580365000005
269,838.0,3.45975,3.439455915,3.4463644339394546,0.0001,3.4600630365000002
270,840.0,3.618275,3.6048966,3.6116345469990856,0.0001,3.6185880365000003
271,842.0,3.7510149999999998,3.7424703449999996,3.7490419314949293,0.0001,3.7513280365
272,844.0,3.88398,3.87838861,3.8847979434462565,0.0001,3.8842930365000004
273,846.0,4.037795,4.03381368,4.040064766439628,0.0001,4.0381080365
274,848.0,4.210979999999999,4.208137999999999,4.2142347465655146,0.0001,4.211293036499999
275,850.0,4.35206,4.3486125,4.354558717356472,0.0001,4.3523730364999995
276,852.0,4.45766,4.454076629999999,4.459876034726841,0.0001,4.457973036499999
277,854.0,4.562745,4.55868997,4.564346186913952,0.0001,4.563058036499999
278,856.0,4.68369,4.678155940000001,4.683672504420762,0.0001,4.6840030365
279,858.0,4.819065,4.81218624,4.81756659995991,0.0001,4.8193780365
280,860.0,4.93251,4.92929,4.934537518399181,0.0001,4.932823036499999
281,862.0,5.022200000000001,5.012262275,5.017380231708273,0.0001,5.0225130365
282,864.0,5.111689999999999,5.098997249999999,5.103988843906909,0.0001,5.112003036499999
283,866.0,5.2011449999999995,5.185227139999999,5.190095491014229,0.0001,5.201458036499999
284,868.0,5.289985,5.2706405,5.275388650999411,0.0001,5.290298036499999
285,870.0,5.37952,5.3564802700000005,5.361111188733534,0.0001,5.3798330365
286,872.0,5.47654,5.44926772,5.453784300942613,0.0001,5.4768530365
287,874.0,5.58174,5.550033745,5.554438811161809,0.0001,5.5820530365
288,876.0,5.68129,5.644746779999999,5.649043084690752,0.0001,5.681603036499999
289,878.0,5.7754,5.73388552,5.738075748549985,0.0001,5.7757130365
290,880.0,5.8588249999999995,5.812137764999999,5.8162245364384635,0.0001,5.859138036499999
291,882.0,5.9327700000000005,5.881111505000001,5.885097373692129,0.0001,5.9330830365
292,884.0,6.00642,5.9499245400000005,5.953811997243476,0.0001,6.0067330365
293,886.0,6.095574999999999,6.034511234999999,6.038302710582148,0.0001,6.095888036499999
294,888.0,6.201225,6.135592965,6.139290828716483,0.0001,6.2015380365
295,890.0,6.29716,6.2268924949999995,6.230499058136015,0.0001,6.2974730365
296,892.0,6.38408,6.309445685,6.312963201774912,0.0001,6.3843930365
297,894.0,6.470210000000001,6.39174616,6.395176828976298,0.0001,6.4705230365
298,896.0,6.57294,6.490780965,6.494126930457472,0.0001,6.5732530365
299,898.0,6.692464999999999,6.606946559999999,6.610209913275975,0.0001,6.692778036499999
300,900.0,6.81081,6.723073855,6.72625663579651,0.0001,6.8111230365
301,902.0,6.92349,6.8331332300000005,6.8362374276586495,0.0001,6.9238030365
302,904.0,7.03509,6.942918515000001,6.945946069745377,0.0001,7.0354030365
303,906.0,7.14551,7.050852185,7.053804989152374,0.0001,7.1458230364999995
304,908.0,7.49935,7.4026760099999995,7.405555909158088,0.0001,7.499663036499999
305,910.0,7.8516200000000005,7.752728340000001,7.755537134194526,0.0001,7.8519330365
306,912.0,8.506865000000001,8.405084125000002,8.40782356981877,0.0001,8.507178036500001
307,914.0,9.160435,9.055832075,9.0585038826852,0.0001,9.1607480365
308,916.0,9.855820000000001,9.747992140000001,9.750597980518409,0.0001,9.856133036500001
309,918.0,10.54639,10.434867225000001,10.43740872708677,0.0001,10.5467030365
310,920.0,11.23321,11.11725381,11.119732562176665,0.0001,11.2335230365
311,922.0,12.43487,12.313875875,12.316293426567364,0.0001,12.4351830365
312,924.0,13.60612,13.47914749,13.481505352006492,0.0001,13.6064330365
313,926.0,15.20516,15.071738985,15.074038631186125,0.0001,15.205473036499999
314,928.0,17.207925,17.068324245,17.070567112719484,0.0001,17.2082380365
315,930.0,19.06293,18.929031830000003,18.931219321118185,0.0001,19.0632430365
316,932.0,20.7672,20.611308179999998,20.613441661770036,0.0001,20.7675130365
317,934.0,22.482300000000002,22.319797310000002,22.321878115917453,0.0001,22.482613036500002
318,936.0,24.348995,24.189405044999997,24.191434475636292,0.0001,24.3493080365
319,938.0,26.378104999999998,26.203844269999998,26.20582359381535,0.0001,26.378418036499998
320,940.0,28.41017,28.23442632,28.23635677413623,0.0001,28.4104830365
321,942.0,30.867115,30.67450314,30.676385931053776,0.0001,30.867428036499998
322,944.0,33.319134999999996,33.108189964999994,33.11002626977702,0.0001,33.3194480365
323,946.0,34.593075,34.35500528,34.35679624625054,0.0001,34.5933880365
324,948.0,35.843410000000006,35.563562880000006,35.565309627136266,0.0001,35.84372303650001
325,950.0,37.074055,36.729718595,36.731422214795806,0.0001,37.074368036500005
326,952.0,38.418355,37.997807144999996,37.99946870227317,0.0001,38.4186680365
327,954.0,39.88909,39.417240930000006,39.418861463277935,0.0001,39.889403036500006
328,956.0,41.08021,40.593692185,40.59527270716874,0.0001,41.080523036500004
329,958.0,42.01041,41.576627035,41.57816853393735,0.0001,42.0107230365
330,960.0,42.63913,42.31083245,42.31233588919298,0.0001,42.639443036500005
331,962.0,42.9644,42.738657454999995,42.74012377414704,0.0001,42.9647130365
332,964.0,43.316235,43.202572079999996,43.20400219559831,0.0001,43.3165480365
333,966.0,43.68578,43.654158585000005,43.65555339091838,0.0001,43.686093036500004
334,968.0,43.882655,43.914759345,43.916119713037546,0.0001,43.8829680365
335,970.0,44.076575,44.157752529999996,44.159079310431025,0.0001,44.0768880365
336,972.0,44.091615,44.205747795,44.20704181710547,0.0001,44.0919280365
337,974.0,43.938595,44.074693585,44.075955657585844,0.0001,43.9389080365
338,976.0,43.711580000000005,43.86598141500001,43.86721232690268,0.0001,43.71189303650001
339,978.0,43.410565,43.563488119999995,43.564688640579504,0.0001,43.4108780365
340,980.0,43.115455,43.277889859999995,43.27906073962079,0.0001,43.1157680365
341,982.0,42.598715,42.75967223,42.76081420049995,0.0001,42.5990280365
342,984.0,42.07902,42.22531111,42.22642488514784,0.0001,42.0793330365
343,986.0,41.801005,41.942149150000006,41.94323542594147,0.0001,41.80131803650001
344,988.0,41.51217,41.620333894999995,41.621393350692905,0.0001,41.5124830365
345,990.0,41.224315,41.318548754999995,41.319582052638644,0.0001,41.2246280365
346,992.0,40.68405,40.740176735,40.741184520429044,0.0001,40.6843630365
347,994.0,39.902195,39.934135265,39.93511816811815,0.0001,39.9025080365
348,996.0,39.179610000000004,39.175641770000006,39.1766004051537,0.0001,39.17992303650001
349,998.0,38.51434,38.47080035,38.471735316367415,0.0001,38.5146530365
350,1000.0,37.783139999999996,37.713216859999996,37.71412874196555,0.0001,37.7834530365
351,1002.0,36.910849999999996,36.79769276,36.7985821275196,0.0001,36.9111630365
352,1004.0,36.027735,35.865779745,35.8666471539573,0.0001,36.0280480365
353,1006.0,35.135754999999996,34.948037049999996,34.94888304255384,0.0001,35.1360680365
354,1008.0,34.242799999999995,34.02596453499999,34.02678963992326,0.0001,34.2431130365
355,1010.0,33.430710000000005,33.189323890000004,33.19012862301013,0.0001,33.43102303650001
356,1012.0,32.708349999999996,32.436228605,32.43701346908131,0.0001,32.7086630365
357,1014.0,31.98009,31.688595545000002,31.6893610307181,0.0001,31.9804030365
358,1016.0,31.24493,30.9354089,30.936155485808374,0.0001,31.2452430365
359,1018.0,30.508795,30.175957075,30.17668522753909,0.0001,30.5091080365
360,1020.0,29.76381,29.418556629999998,29.41926680438884,0.0001,29.7641230365
361,1022.0,28.892339999999997,28.537846104999996,28.538538745120704,0.0001,28.892653036499997
362,1024.0,27.885540000000002,27.518786655000003,27.519462193775198,0.0001,27.885853036500002
363,1026.0,26.87974,26.502635335,26.503294194663408,0.0001,26.8800530365
364,1028.0,25.870975,25.490622825000003,25.49126541736036,0.0001,25.8712880365
365,1030.0,24.858275,24.475783555,24.47641028169845,0.0001,24.8585880365
366,1032.0,24.054755,23.671397445,23.67200869776113,0.0001,24.0550680365
367,1034.0,23.244345,22.86465772,22.865253880876686,0.0001,23.2446580365
368,1036.0,22.43689,22.061944625,22.062526066612193,0.0001,22.437203036499998
369,1038.0,21.6255,21.254872329999998,21.255439415767636,0.0001,21.6258130365
370,1040.0,20.814105,20.45152866,20.452081744370147,0.0001,20.8144180365
371,1042.0,20.115885000000002,19.76006891,19.760608338668394,0.0001,20.116198036500002
372,1044.0,19.408800000000003,19.063844200000002,19.064370310127117,0.0001,19.409113036500003
373,1046.0,18.712545000000002,18.377253120000002,18.377766240421796,0.0001,18.712858036500002
374,1048.0,18.00842,17.686959175000002,17.687459626433444,0.0001,18.0087330365
375,1050.0,17.30429,16.997890725,16.998378820243524,0.0001,17.3046030365
376,1052.0,16.944795,16.647631665,16.64810770912902,0.0001,16.9451080365
377,1054.0,16.579405,16.31228017,16.3127444605576,0.0001,16.5797180365
378,1056.0,16.21696,15.943241800000001,15.943694627182888,0.0001,16.2172730365
379,1058.0,15.859435,15.60183591,15.602277556839905,0.0001,15.8597480365
380,1060.0,15.611895,15.371148095,15.371578837540577,0.0001,15.6122080365
381,1062.0,15.47335,15.25018832,15.250608427469356,0.0001,15.4736630365
382,1064.0,15.338745,15.119981245,15.12039097997898,0.0001,15.339058036499999
383,1066.0,15.207089999999999,14.996387689999999,14.996787308586303,0.0001,15.207403036499999
384,1068.0,15.073465,14.869359175000001,14.869748926968255,0.0001,15.0737780365
385,1070.0,15.071010000000001,14.881560005,14.88194013395787,0.0001,15.0713230365
386,1072.0,15.196765,15.00292219,15.00329293354046,0.0001,15.197078036499999
387,1074.0,15.322524999999999,15.13015072,15.13051230984983,0.0001,15.322838036499999
388,1076.0,15.447305,15.25639946,15.25675212216463,0.0001,15.4476180365
389,1078.0,15.577985,15.38048931,15.380833264904759,0.0001,15.5782980365
390,1080.0,15.81686,15.6274274,15.627762862627902,0.0001,15.8171730365
391,1082.0,16.168850000000003,15.977223810000003,15.977550990026112,0.0001,16.169163036500002
392,1084.0,16.52281,16.329723225,16.33004232692248,0.0001,16.5231230365
393,1086.0,16.875785,16.679772715000002,16.680083938267945,0.0001,16.8760980365
394,1088.0,17.224825000000003,17.019293765000004,17.019597304138085,0.0001,17.225138036500002
395,1090.0,17.617234999999997,17.410976989999998,17.411273034730055,0.0001,17.617548036499997
396,1092.0,18.053995,17.83748619,17.83777492535963,0.0001,18.0543080365
397,1094.0,18.4878,18.265436635,18.2657182414582,0.0001,18.4881130365
398,1096.0,18.918654999999998,18.686774189999998,18.68704884356997,0.0001,18.918968036499997
399,1098.0,19.35148,19.12107171,19.121339582349165,0.0001,19.3517930365
400,1100.0,19.907465,19.675598925,19.6758601835573,0.0001,19.907778036499998
401,1102.0,20.5994,20.358750009999998,20.359004818060537,0.0001,20.5997130365
402,1104.0,21.286414999999998,21.04797106,21.048219576827105,0.0001,21.286728036499998
403,1106.0,21.98032,21.74115184,21.741394220924786,0.0001,21.9806330365
404,1108.0,22.667334999999998,22.42084911,22.421085506518427,0.0001,22.667648036499997
405,1110.0,23.636015,23.38880545,23.389036009867592,0.0001,23.6363280365
406,1112.0,24.89226,24.64432714,24.64455200732418,0.0001,24.8925730365
407,1114.0,26.140635,25.900038209999998,25.90025752533016,0.0001,26.1409480365
408,1116.0,27.387045,27.144260185,27.144474085415368,0.0001,27.3873580365
409,1118.0,28.63247,28.375042515,28.375251134195295,0.0001,28.6327830365
410,1120.0,30.453715,30.180179815,30.18038328336901,0.0001,30.4540280365
411,1122.0,32.8557,32.575581805,32.57578024971708,0.0001,32.8560130365
412,1124.0,35.24588,34.925477435,34.925670980099554,0.0001,35.2461930365
413,1126.0,37.62228,37.263058795000006,37.26324756145403,0.0001,37.62259303650001
414,1128.0,39.979,39.555318,39.555502105793664,0.0001,39.9793130365
415,1130.0,42.317025,41.813149425,41.81332898520542,0.0001,42.317338036500004
416,1132.0,46.680085,46.062302205,46.06247733184816,0.0001,46.6803980365
417,1134.0,51.01461,50.272236025,50.27240682795087,0.0001,51.0149230365
418,1136.0,55.322565,54.403277155,54.403443740810985,0.0001,55.3228780365
419,1138.0,59.586240000000004,58.50579056,58.50595303279266,0.0001,59.58655303650001
420,1140.0,63.810555,62.5929995,62.59315796132511,0.0001,63.810868036500004
421,1142.0,70.03147,68.718752685,68.71890723390106,0.0001,70.0317830365
422,1144.0,76.23367999999999,74.93038629499999,74.9305370280751,0.0001,76.2339930365
423,1146.0,82.442785,81.202947835,81.20309484646222,0.0001,82.4430980365
424,1148.0,88.69617,87.60453246,87.60467584173628,0.0001,88.6964830365
425,1150.0,95.019415,94.159193925,94.15933376662859,0.0001,95.0197280365
426,1152.0,99.96684,99.362640565,99.36277695392648,0.0001,99.96715303650001
427,1154.0,103.523675,103.19814861,103.19828163147189,0.0001,103.5239880365
428,1156.0,107.186785,107.133338215,107.13346795216005,0.0001,107.1870980365
429,1158.0,110.91287,111.082232795,111.08235932893815,0.0001,110.9131830365
430,1160.0,113.35628,113.68953579,113.68965919980408,0.0001,113.3565930365
431,1162.0,114.48454000000001,114.94005030000001,114.94017066280517,0.0001,114.48485303650001
432,1164.0,115.631495,116.18172482,116.18184221103692,0.0001,115.6318080365
433,1166.0,116.78730999999999,117.38946095499999,117.38957544764187,0.0001,116.7876230365
434,1168.0,117.929345,118.5594234,118.55953506580849,0.0001,117.9296580365
435,1170.0,118.90693,119.52726615,119.52737505876986,0.0001,118.9072430365
436,1172.0,119.70825,120.31499803000001,120.31510424980276,0.0001,119.70856303650001
437,1174.0,120.49677500000001,121.07619839000002,121.07630198722649,0.0001,120.49708803650002
438,1176.0,121.26267,121.804390235,121.80449127440184,0.0001,121.2629830365
439,1178.0,122.02266,122.51330694,122.51340548473013,0.0001,122.0229730365
440,1180.0,122.76887,123.19684401500001,123.19694012665207,0.0001,122.76918303650001
441,1182.0,123.12661,123.491789465,123.4918832036469,0.0001,123.1269230365
442,1184.0,123.47452,123.77617268,123.77626410423149,0.0001,123.4748330365
443,1186.0,123.814545,124.042780595,124.04286976195915,0.0001,123.8148580365
444,1188.0,124.14966,124.30032729999999,124.30041426541909,0.0001,124.1499730365
445,1190.0,124.483785,124.553953945,124.55403876323525,0.0001,124.4840980365
446,1192.0,124.85195999999999,124.859581005,124.85966372906555,0.0001,124.8522730365
447,1194.0,125.24632,125.207145515,125.2072261966011,0.0001,125.2466330365
448,1196.0,125.63969,125.558238595,125.55831728456528,0.0001,125.6400030365
449,1198.0,126.03110000000001,125.90151106500001,125.90158781171299,0.0001,126.03141303650001
450,1200.0,126.116785,125.92104823499999,125.92112308682988,0.0001,126.1170980365
451,1202.0,125.890855,125.643318585,125.64339158873163,0.0001,125.8911680365
452,1204.0,125.654095,125.35653004,125.35660124126306,0.0001,125.6544080365
453,1206.0,125.414385,125.05097909,125.05104853329762,0.0001,125.4146980365
454,1208.0,125.1668,124.73779786,124.7378655887365,0.0001,125.1671130365
455,1210.0,124.910365,124.417354475,124.41742053150803,0.0001,124.9106780365
456,1212.0,124.562305,123.99014523,123.99020965556703,0.0001,124.5626180365
457,1214.0,124.118685,123.475740845,123.47580367989413,0.0001,124.1189980365
458,1216.0,123.67113,122.95789048,122.95795176349506,0.0001,123.67144303650001
459,1218.0,123.21767,122.421680715,122.42174048540016,0.0001,123.2179830365
460,1220.0,122.74206,121.86087945499999,121.86093774966372,0.0001,122.7423730365
461,1222.0,122.236415,121.269189125,121.26924598036335,0.0001,122.2367280365
462,1224.0,121.726835,120.674052815,120.67410826659943,0.0001,121.7271480365
463,1226.0,121.21135,120.06763932,120.06769340249456,0.0001,121.2116630365
464,1228.0,120.69094000000001,119.47382378500001,119.47387653219302,0.0001,120.69125303650002
465,1230.0,120.16365,118.83570268,118.83575412486017,0.0001,120.16396303650001
466,1232.0,125.01209499999999,123.59639536499999,123.59644553968205,0.0001,125.01240803649999
467,1234.0,124.844635,123.338863425,123.33891236086474,0.0001,124.8449480365
468,1236.0,124.045275,122.460727,122.46077472763395,0.0001,124.0455880365
469,1238.0,122.90245,121.21775727,121.21780381923446,0.0001,122.9027630365
470,1240.0,121.89012,120.11706654999999,120.11711194992975,0.0001,121.8904330365
471,1242.0,120.681725,118.829896875,118.8299411540015,0.0001,120.6820380365
472,1244.0,119.29817,117.36689632,117.36693950574906,0.0001,119.2984830365
473,1246.0,117.97151,115.95572416499999,115.95576628448912,0.0001,117.9718230365
474,1248.0,116.3379,114.25225567000001,114.25229674955524,0.0001,116.33821303650001
475,1250.0,115.47215999999999,113.30334824999998,113.30338831529738,0.0001,115.47247303649999
476,1252.0,115.276655,113.041649465,113.04168854108168,0.0001,115.27696803650001
477,1254.0,114.84896,112.543792905,112.54383101628979,0.0001,114.84927303650001
478,1256.0,114.330805,111.96878688,111.96882405031867,0.0001,114.3311180365
479,1258.0,113.42349499999999,110.99424740999999,110.99428366258023,0.0001,113.42380803649999
480,1260.0,112.88123,110.394827515,110.39486287250085,0.0001,112.8815430365
481,1262.0,113.14089,110.591044695,110.59107917952103,0.0001,113.1412030365
482,1264.0,112.739035,110.124770655,110.12480428809519,0.0001,112.7393480365
483,1266.0,112.563335,109.89136807999999,109.8914008826911,0.0001,112.5636480365
484,1268.0,111.683605,108.960163545,108.96019553778977,0.0001,111.6839180365
485,1270.0,110.987895,108.204309895,108.20434109788498,0.0001,110.9882080365
486,1272.0,111.23254,108.3887508,108.38878123248301,0.0001,111.2328530365
487,1274.0,112.50013,109.60242585499999,109.60245553610231,0.0001,112.5004430365
488,1276.0,113.552685,110.59471698,110.5947459282733,0.0001,113.5529980365
489,1278.0,114.16622,111.14823289499999,111.14826112853788,0.0001,114.1665330365
490,1280.0,115.17729,112.11277722,112.11280475644935,0.0001,115.1776030365
491,1282.0,116.92908,113.809921965,113.809948821572,0.0001,116.9293930365
492,1284.0,118.77892,115.586496115,115.58652230848087,0.0001,118.7792330365
493,1286.0,119.78632999999999,116.52290011,116.52292565676152,0.0001,119.7866430365
494,1288.0,121.527665,118.19561096,118.19563587600973,0.0001,121.5279780365
495,1290.0,123.35703500000001,119.96563758500001,119.96566188583127,0.0001,123.35734803650001
496,1292.0,125.31886999999999,121.87191508999999,121.87193879084158,0.0001,125.3191830365
497,1294.0,127.85511,124.348446525,124.34846964066574,0.0001,127.8554230365
498,1296.0,130.29037499999998,126.69927689499998,126.6992994399379,0.0001,130.29068803649997
499,1298.0,133.09579499999998,129.43992225499997,129.4399442433014,0.0001,133.09610803649997
500,1300.0,135.97127999999998,132.24545061999999,132.2454720654083,0.0001,135.97159303649997
501,1302.0,140.05778,136.26916625500002,136.2691871709193,0.0001,140.0580930365
502,1304.0,144.30805999999998,140.43792589999998,140.43794629950338,0.0001,144.30837303649997
503,1306.0,148.853035,144.927376865,144.9273967608379,0.0001,148.8533480365
504,1308.0,152.71917499999998,148.72483349499998,148.72485289960787,0.0001,152.71948803649997
505,1310.0,157.58682,153.522412485,153.5224314105064,0.0001,157.58713303649998
506,1312.0,163.014635,158.87512910499998,158.87514756323398,0.0001,163.0149480365
507,1314.0,168.576775,164.370705825,164.37072382749855,0.0001,168.5770880365
508,1316.0,174.30625,170.02045810500002,170.0204756630153,0.0001,174.3065630365
509,1318.0,179.109065,174.74332078499998,174.74333790950635,0.0001,179.10937803649998
510,1320.0,184.69766,180.26184151500001,180.2618582167008,0.0001,184.6979730365
511,1322.0,191.278775,186.78221751499999,186.7822338043343,0.0001,191.27908803649999
512,1324.0,198.65260999999998,194.06031026,194.06032614714923,0.0001,198.65292303649997
513,1326.0,206.019075,201.384327295,201.3843427898941,0.0001,206.01938803649998
514,1328.0,213.74442,209.0480409,209.0480560123238,0.0001,213.74473303649998
515,1330.0,221.63035,216.867564735,216.8675794741992,0.0001,221.63066303649998
516,1332.0,231.82963,226.983982235,226.9839966102871,0.0001,231.8299430365
517,1334.0,242.14221500000002,237.28072942000003,237.28074344036003,0.0001,242.1425280365
518,1336.0,252.98467,248.0585999,248.05861357419604,0.0001,252.98498303649998
519,1338.0,262.858,257.927966045,257.92797938157895,0.0001,262.8583130365
520,1340.0,273.013165,268.086548305,268.08656131229765,0.0001,273.01347803650003
521,1342.0,288.327085,283.42246003,283.42247271614633,0.0001,288.3273980365
522,1344.0,304.823305,299.9709281,299.97094047292427,0.0001,304.8236180365
523,1346.0,320.10663,315.31357082,315.31358288743564,0.0001,320.1069430365
524,1348.0,335.66744500000004,330.981937005,330.98194877448964,0.0001,335.66775803650006
525,1350.0,346.01944000000003,341.46099149,341.4610029688999,0.0001,346.01975303650005
526,1352.0,353.43468,349.016286895,349.01629809048484,0.0001,353.43499303650003
527,1354.0,360.829185,356.46679711,356.46680802906735,0.0001,360.8294980365
528,1356.0,368.16143999999997,363.97012930999995,363.9701399594746,0.0001,368.1617530365
529,1358.0,375.68212000000005,371.5068158600001,371.5068262465382,0.0001,375.6824330365001
530,1360.0,383.50234,379.391555035,379.3915651650936,0.0001,383.5026530365
531,1362.0,395.423725,391.33138486,391.33139473998074,0.0001,395.4240380365
532,1364.0,412.610675,408.44029144,408.4403010760431,0.0001,412.61098803650003
533,1366.0,430.294585,425.94437133499997,425.9443807331283,0.0001,430.2948980365
534,1368.0,448.72976,444.065544255,444.06555342108777,0.0001,448.7300730365
535,1370.0,468.113765,462.978764675,462.97877361477623,0.0001,468.1140780365
536,1372.0,494.77498,489.14344591,489.14345462905237,0.0001,494.77529303650005
537,1374.0,527.1442,520.809872455,520.8098809587782,0.0001,527.1445130364999
538,1376.0,563.5458799999999,556.34086421,556.3408725038191,0.0001,563.5461930364999
539,1378.0,604.7087300000001,596.26532195,596.2653300390441,0.0001,604.7090430365
540,1380.0,648.898835,639.02338571,639.0233935993248,0.0001,648.8991480364999
541,1382.0,705.611085,693.89167688,693.8916845745367,0.0001,705.6113980365
542,1384.0,763.48802,749.492584945,749.492592449558,0.0001,763.4883330365
543,1386.0,830.960135,814.4345748300001,814.4345821492698,0.0001,830.9604480365
544,1388.0,905.14363,885.69840959,885.6984167285563,0.0001,905.1439430365
545,1390.0,979.038145,956.073233205,956.0732401673047,0.0001,979.0384580365
546,1392.0,1148.341975,1122.113210235,1122.1132170254048,0.0001,1148.3422880365001
547,1394.0,1275.40888,1246.238607435,1246.2386140577491,0.0001,1275.4091930365
548,1396.0,1390.447505,1358.52710698,1358.527113439233,0.0001,1390.4478180365002
549,1398.0,1529.95719,1496.253738155,1496.2537444547538,0.0001,1529.9575030365002
550,1400.0,1661.4132200000001,1626.66208918,1626.6620953242125,0.0001,1661.4135330365002
551,1402.0,1796.34032,1761.55895387,1761.5589598625113,0.0001,1796.3406330365
552,1404.0,1918.02668,1884.09148598,1884.0914918245555,0.0001,1918.0269930365
553,1406.0,2023.8435049999998,1991.3689687099998,1991.3689744102528,0.0001,2023.8438180365
554,1408.0,2134.460925,2104.504785395,2104.5047909545133,0.0001,2134.4612380364997
555,1410.0,2243.139175,2215.95326541,2215.953270832248,0.0001,2243.1394880364996
556,1412.0,2337.3076800000003,2313.2747960550005,2313.274801343373,0.0001,2337.3079930365
557,1414.0,2423.4778250000004,2402.3461050550004,2402.3461102128026,0.0001,2423.4781380365002
558,1416.0,2503.272475,2484.9411610200004,2484.941166050456,0.0001,2503.2727880365
559,1418.0,2576.0286250000004,2560.215629095,2560.2156340012534,0.0001,2576.0289380365
560,1420.0,2638.57309,2624.956032665,2624.956037450117,0.0001,2638.5734030364997
561,1422.0,2697.82848,2685.82306329,2685.8230679569724,0.0001,2697.8287930365
562,1424.0,2752.5758,2741.718610125,2741.7186146767444,0.0001,2752.5761130365
563,1426.0,2807.841835,2797.5384937000003,2797.5384981393618,0.0001,2807.8421480365
564,1428.0,2848.977895,2838.74483587,2838.744840199753,0.0001,2848.9782080365
565,1430.0,2889.4742450000003,2878.6465758400004,2878.6465800628516,0.0001,2889.4745580365
566,1432.0,2924.88876,2913.0131450249996,2913.013149143588,0.0001,2924.8890730364997
567,1434.0,2957.360725,2943.79251027,2943.7925142869003,0.0001,2957.3610380365
568,1436.0,2985.303765,2970.159896295,2970.1599002127227,0.0001,2985.3040780365
569,1438.0,3010.631055,2993.6585576049997,2993.6585614259934,0.0001,3010.6313680364997
570,1440.0,3029.800625,3010.5209825899997,3010.520986316653,0.0001,3029.8009380364997
571,1442.0,3045.257715,3023.571303855,3023.571307489642,0.0001,3045.2580280365
572,1444.0,3056.620045,3032.2604650000003,3032.2604685449023,0.0001,3056.6203580365
573,1446.0,3164.993485,3137.879024025,3137.879027482378,0.0001,3164.9937980365
574,1448.0,3173.8938000000003,3143.8990915500003,3143.8990949220156,0.0001,3173.8941130365
575,1450.0,3180.418745,3147.4950959899998,3147.4950992787594,0.0001,3180.4190580365
576,1452.0,3183.6674749999997,3147.8137657099996,3147.8137689175596,0.0001,3183.6677880364996
577,1454.0,3183.9642249999997,3145.26720559,3145.267208718365,0.0001,3183.9645380364996
578,1456.0,3179.0919049999998,3137.714441285,3137.7144443361253,0.0001,3179.0922180364996
579,1458.0,3171.63292,3127.760823865,3127.760826840793,0.0001,3171.6332330365
580,1460.0,3159.9261049999996,3113.7099302399997,3113.70993314232,0.0001,3159.9264180364994
581,1462.0,3143.202715,3094.864094915,3094.8640977456616,0.0001,3143.2030280364997
582,1464.0,3108.0889549999997,3057.7375951999998,3057.7375979607723,0.0001,3108.0892680364996
583,1466.0,3071.211255,3019.02961997,3019.0296226626087,0.0001,3071.2115680365
584,1468.0,3028.193355,2974.516696265,2974.5166988911283,0.0001,3028.1936680364997
585,1470.0,2982.473155,2927.2494381300003,2927.2494406912892,0.0001,2982.4734680365
586,1472.0,2939.128495,2882.45399607,2882.4539985680503,0.0001,2939.1288080365
587,1474.0,2890.935,2832.96364285,2832.963645286373,0.0001,2890.9353130365
588,1476.0,2834.05775,2774.741982475,2774.741984851219,0.0001,2834.0580630365
589,1478.0,2774.196585,2713.7211126350003,2713.72111495255,0.0001,2774.1968980365
590,1480.0,2714.2284,2652.633534185,2652.6335364453294,0.0001,2714.2287130365
591,1482.0,2658.9550950000003,2596.2274204100004,2596.227422614522,0.0001,2658.9554080365
592,1484.0,2603.34488,2539.667425355,2539.667427505092,0.0001,2603.3451930365
593,1486.0,2551.814435,2487.373030105,2487.373032202006,0.0001,2551.8147480364996
594,1488.0,2496.53685,2431.138434435,2431.1384364802307,0.0001,2496.5371630365
595,1490.0,2430.8695850000004,2364.8617277700005,2364.8617297647343,0.0001,2430.8698980365
596,1492.0,2364.138255,2297.383300685,2297.3833026304837,0.0001,2364.1385680364997
597,1494.0,2307.851165,2240.52151247,2240.521514367449,0.0001,2307.8514780365
598,1496.0,2253.48379,2185.5341323850002,2185.5341342356014,0.0001,2253.4841030365
599,1498.0,2196.95579,2128.715230655,2128.7152324599097,0.0001,2196.9561030365
600,1500.0,2140.688085,2072.2713738049997,2072.271375565346,0.0001,2140.6883980364996
601,1502.0,2087.153455,2018.79902564,2018.7990273568832,0.0001,2087.1537680365
602,1504.0,2036.2718,1967.944974895,1967.9449765694933,0.0001,2036.2721130365
603,1506.0,1986.745205,1918.302175205,1918.3021768381498,0.0001,1986.7455180365
604,1508.0,1937.301545,1869.070292435,1869.0702940278272,0.0001,1937.3018580365
605,1510.0,1885.14348,1817.26057792,1817.2605794735002,0.0001,1885.1437930365
606,1512.0,1836.33781,1768.703652745,1768.703654260144,0.0001,1836.3381230365
607,1514.0,1789.85215,1722.668231555,1722.668233032735,0.0001,1789.8524630365
608,1516.0,1744.54679,1677.858463015,1677.8584644562497,0.0001,1744.5471030365002
609,1518.0,1699.111525,1632.908735585,1632.908736990665,0.0001,1699.1118380365
610,1520.0,1656.88797,1591.36549606,1591.365497430959,0.0001,1656.8882830365
611,1522.0,1617.11409,1552.3195168,1552.31951813711,0.0001,1617.1144030365
612,1524.0,1574.81402,1510.742327105,1510.7423284090967,0.0001,1574.8143330365
613,1526.0,1540.653045,1477.546584905,1477.5465861768982,0.0001,1540.6533580365
614,1528.0,1508.701345,1446.19523945,1446.195240690495,0.0001,1508.7016580365
615,1530.0,1475.109655,1413.4003608149999,1413.400362024867,0.0001,1475.1099680365
616,1532.0,1441.353625,1380.58890441,1380.5889055899954,0.0001,1441.3539380365
617,1534.0,1406.51635,1346.4717899000002,1346.4717910508614,0.0001,1406.5166630365002
618,1536.0,1375.133985,1316.00827556,1316.0082766824462,0.0001,1375.1342980365
619,1538.0,1342.784815,1284.582444305,1284.5824453997332,0.0001,1342.7851280365
620,1540.0,1306.4204849999999,1249.04072284,1249.040723907704,0.0001,1306.4207980365
621,1542.0,1270.6107550000002,1214.23213802,1214.2321390613424,0.0001,1270.6110680365002
622,1544.0,1237.35024,1181.89274,1181.8927410156314,0.0001,1237.3505530365
623,1546.0,1212.111435,1157.473756975,1157.4737579655555,0.0001,1212.1117480365
624,1548.0,1185.589675,1131.8787183299999,1131.8787192960983,0.0001,1185.5899880365
625,1550.0,1161.8568699999998,1109.091107265,1109.0911082072453,0.0001,1161.8571830365
626,1552.0,1140.29888,1088.3551874300001,1088.3551883489815,0.0001,1140.2991930365001
627,1554.0,1115.834515,1064.729121395,1064.7291222912916,0.0001,1115.8348280365
628,1556.0,1090.124795,1039.82971443,1039.8297153041622,0.0001,1090.1251080365
629,1558.0,1067.5771949999998,1018.1685384299999,1018.1685392825789,0.0001,1067.5775080365
630,1560.0,1047.49254,998.8427028899999,998.8427037215287,0.0001,1047.4928530365
631,1562.0,1027.165425,979.2889560799999,979.2889568909982,0.0001,1027.1657380365
632,1564.0,1007.47456,960.453165545,960.4531663359746,0.0001,1007.4748730365
633,1566.0,987.748735,941.3803724,941.3803731714454,0.0001,987.7490480365
634,1568.0,969.4668300000001,923.795147055,923.7951478073983,0.0001,969.4671430365
635,1570.0,952.223195,907.3338146250001,907.3338153588215,0.0001,952.2235080365
636,1572.0,935.129545,891.112879475,891.1128801907034,0.0001,935.1298580365
637,1574.0,919.5968150000001,876.1235283600001,876.1235290580328,0.0001,919.5971280365001
638,1576.0,904.89664,861.9968007450001,861.9968014257983,0.0001,904.8969530365
639,1578.0,890.985125,848.739544035,848.7395446989891,0.0001,890.9854380365
640,1580.0,877.137825,835.344946355,835.3449470025953,0.0001,877.1381380365
641,1582.0,862.426155,821.21812884,821.218129471606,0.0001,862.4264680365
642,1584.0,848.882535,808.1663036049999,808.1663042210116,0.0001,848.8828480364999
643,1586.0,835.48667,795.27939107,795.2793916708022,0.0001,835.4869830365
644,1588.0,823.1235800000001,783.362790785,783.3627913709684,0.0001,823.1238930365
645,1590.0,810.3579050000001,771.0283057050001,771.0283062765009,0.0001,810.3582180365
646,1592.0,797.22286,758.31094087,758.3109414273904,0.0001,797.2231730364999
647,1594.0,785.2525,746.7626583650001,746.7626589086285,0.0001,785.2528130365
648,1596.0,775.303335,737.20377588,737.203776410206,0.0001,775.3036480364999
649,1598.0,765.84109,728.0991235,728.0991240171153,0.0001,765.8414030365
650,1600.0,755.681585,718.2673578700001,718.2673583743477,0.0001,755.6818980365
651,1602.0,746.5541750000001,709.5157388100001,709.5157393018955,0.0001,746.5544880365001
652,1604.0,737.537985,700.7566861800001,700.7566866597505,0.0001,737.5382980365
653,1606.0,728.60662,692.1271499100001,692.1271503779053,0.0001,728.6069330365
654,1608.0,721.63378,685.424940375,685.4249408313526,0.0001,721.6340930365
655,1610.0,714.537805,678.544445675,678.5444461200852,0.0001,714.5381180365
656,1612.0,707.527525,671.75292579,671.752926224096,0.0001,707.5278380364999
657,1614.0,700.251265,664.7785512199999,664.7785516433781,0.0001,700.2515780365
658,1616.0,693.587295,658.33467942,658.334679832925,0.0001,693.5876080365
659,1618.0,687.0491400000001,651.9853550900001,651.9853554927299,0.0001,687.0494530365
660,1620.0,680.6465900000001,645.76969592,645.7696963127863,0.0001,680.6469030365
661,1622.0,673.7500150000001,639.274175665,639.2741760480884,0.0001,673.7503280365
662,1624.0,666.9526500000001,632.4220038850001,632.4220042586301,0.0001,666.9529630365
663,1626.0,661.4525900000001,627.1652484850001,627.1652488494051,0.0001,661.4529030365001
664,1628.0,656.31666,622.1722566999999,622.1722570554077,0.0001,656.3169730364999
665,1630.0,650.96963,616.912198515,616.9121988616328,0.0001,650.9699430365
666,1632.0,646.134955,612.26553186,612.2655321980743,0.0001,646.1352680365
667,1634.0,640.72154,606.98042637,606.9804266997273,0.0001,640.7218530365
668,1636.0,636.345335,602.77588286,602.7758831815863,0.0001,636.3456480364999
669,1638.0,631.9975149999999,598.5792752499999,598.5792755636462,0.0001,631.9978280364999
670,1640.0,628.088135,594.70895042,594.7089507259022,0.0001,628.0884480364999
671,1642.0,624.52684,591.30632883,591.3063291283496,0.0001,624.5271530365
672,1644.0,620.21752,587.104194615,587.1041949059833,0.0001,620.2178330365
673,1646.0,616.231435,583.29312582,583.2931261037988,0.0001,616.2317480365
674,1648.0,612.202765,579.38865227,579.3886525467918,0.0001,612.2030780365
675,1650.0,608.03242,575.29399638,575.2939966499578,0.0001,608.0327330365
676,1652.0,604.753225,572.1169784550001,572.1169787182927,0.0001,604.7535380365
677,1654.0,601.3125249999999,568.7330841899999,568.7330844467917,0.0001,601.3128380364999
678,1656.0,598.6717550000001,566.26754687,566.2675471204517,0.0001,598.6720680365
679,1658.0,596.28773,563.989594375,563.989594619268,0.0001,596.2880430365
680,1660.0,594.5315400000001,562.3844275900001,562.3844278282371,0.0001,594.5318530365
681,1662.0,593.00666,560.993078365,560.9930785973548,0.0001,593.0069730365
682,1664.0,591.0877849999999,559.1113033999999,559.1113036266179,0.0001,591.0880980364999
683,1666.0,588.8273849999999,556.9975341149999,556.9975343360227,0.0001,588.8276980364999
684,1668.0,592.3849299999999,560.73095079,560.7309510055657,0.0001,592.3852430364999
685,1670.0,590.6740599999999,559.0390149499999,559.0390151602433,0.0001,590.6743730364999
686,1672.0,589.34281,557.82250195,557.8225021550523,0.0001,589.3431230365
687,1674.0,587.869885,556.5414545799999,556.5414547799896,0.0001,587.8701980364999
688,1676.0,586.7928149999999,555.5809396899999,555.5809398850519,0.0001,586.7931280364999
689,1678.0,585.5410449999999,554.335315445,554.335315635236,0.0001,585.5413580364999
690,1680.0,585.24895,554.2888428150001,554.2888430005393,0.0001,585.2492630365
691,1682.0,585.1845999999999,554.36834152,554.3683417009581,0.0001,585.1849130364999
692,1684.0,584.850495,554.16928794,554.1692881164903,0.0001,584.8508080365
693,1686.0,584.69945,554.24187705,554.2418772221326,0.0001,584.6997630364999
694,1688.0,584.663905,554.262896005,554.2628961728827,0.0001,584.6642180365
695,1690.0,584.2745199999999,554.14715567,554.1471558337377,0.0001,584.2748330364999
696,1692.0,584.4754250000001,554.4890368200001,554.4890369796951,0.0001,584.4757380365
697,1694.0,584.609585,554.981702765,554.9817029207521,0.0001,584.6098980365
698,1696.0,585.8872700000001,556.1857710050001,556.1857711569068,0.0001,585.8875830365
699,1698.0,586.7094,557.2840438999999,557.2840440481559,0.0001,586.7097130364999
700,1700.0,588.32177,559.107273255,559.107273399498,0.0001,588.3220830365
701,1702.0,590.0275250000001,560.9686037450001,560.9686038859305,0.0001,590.0278380365
702,1704.0,591.4248650000001,562.5699589200001,562.5699590574509,0.0001,591.4251780365
703,1706.0,592.982445,564.31746061,564.3174607440571,0.0001,592.9827580365
704,1708.0,595.619885,567.217289135,567.2172892657472,0.0001,595.6201980364999
705,1710.0,598.79892,570.62118741,570.6211875375191,0.0001,598.7992330364999
706,1712.0,601.7658150000001,573.8323561950001,573.8323563193707,0.0001,601.7661280365
707,1714.0,605.478545,577.74810261,577.7481027312999,0.0001,605.4788580365
708,1716.0,609.0191599999999,581.4619671199999,581.461967238305,0.0001,609.0194730364999
709,1718.0,613.298105,586.021398375,586.0213984903841,0.0001,613.2984180364999
710,1720.0,617.937725,590.902707235,590.9027073475352,0.0001,617.9380380365
711,1722.0,622.4262650000001,595.653463525,595.6534636347567,0.0001,622.4265780365
712,1724.0,627.046725,600.4380205350001,600.4380206420468,0.0001,627.0470380365
713,1726.0,632.6475,606.3443080850001,606.3443081894038,0.0001,632.6478130365
714,1728.0,637.9140649999999,611.70073793,611.700738031826,0.0001,637.9143780364999
715,1730.0,643.35735,617.64117833,617.6411784293119,0.0001,643.3576630365
716,1732.0,649.778215,623.907987365,623.90798746186,0.0001,649.7785280365
717,1734.0,656.9377049999999,631.71295041,631.7129505044684,0.0001,656.9380180364999
718,1736.0,663.40084,638.16285233,638.162852422136,0.0001,663.4011530365
719,1738.0,672.17599,647.40664995,647.4066500398611,0.0001,672.1763030364999
720,1740.0,680.55531,655.58415722,655.5841573076424,0.0001,680.5556230364999
721,1742.0,688.981515,664.39452194,664.3945220254786,0.0001,688.9818280364999
722,1744.0,699.233205,675.000156475,675.0001565583682,0.0001,699.2335180365
723,1746.0,709.665555,685.57043045,685.5704305313097,0.0001,709.6658680365
724,1748.0,720.667075,696.58208638,696.5820864593022,0.0001,720.6673880364999
725,1750.0,731.185155,707.617702315,707.6177023923442,0.0001,731.1854680365
726,1752.0,742.3690799999999,718.9229352149999,718.9229352904346,0.0001,742.3693930364999
727,1754.0,752.631395,729.40842586,729.4084259335721,0.0001,752.6317080365
728,1756.0,764.16145,741.3289624199999,741.3289624917555,0.0001,764.1617630364999
729,1758.0,775.2339000000001,752.569145195,752.569145264984,0.0001,775.2342130365
730,1760.0,786.45001,764.134599505,764.134599573256,0.0001,786.4503230365
731,1762.0,799.01711,777.05161134,777.0516114065708,0.0001,799.0174230365
732,1764.0,812.783335,791.2198692999999,791.219869364927,0.0001,812.7836480364999
733,1766.0,826.2060700000001,805.0489952500001,805.0489953133242,0.0001,826.2063830365
734,1768.0,837.431595,816.95338151,816.9533815717606,0.0001,837.4319080365
735,1770.0,847.3626999999999,827.4474138399999,827.4474139002356,0.0001,847.3630130364999
736,1772.0,855.894375,836.883737515,836.8837375737485,0.0001,855.8946880364999
737,1774.0,864.587285,846.260827375,846.260827432298,0.0001,864.5875980364999
738,1776.0,872.096645,854.6510427349999,854.6510427908833,0.0001,872.0969580364999
739,1778.0,878.5526950000001,862.0549462500001,862.0549463045036,0.0001,878.5530080365
740,1780.0,884.877375,869.376656305,869.3766563581578,0.0001,884.8776880365
741,1782.0,890.11014,875.653918395,875.6539184468454,0.0001,890.1104530365
742,1784.0,894.83352,881.4193423,881.4193423505653,0.0001,894.8338330365
743,1786.0,899.3590250000001,886.978319775,886.9783198243169,0.0001,899.3593380365
744,1788.0,901.253725,889.79322861,889.7932286580992,0.0001,901.2540380365
745,1790.0,902.82814,892.499491845,892.4994918919116,0.0001,902.8284530364999
746,1792.0,903.17683,893.7418532949999,893.7418533407533,0.0001,903.1771430365
747,1794.0,902.8806450000001,894.3167436750001,894.3167437196239,0.0001,902.8809580365
748,1796.0,901.897295,894.136502695,894.1365027385219,0.0001,901.8976080365
749,1798.0,900.4054,893.375869835,893.3758698774474,0.0001,900.4057130365
750,1800.0,900.91343,894.465485,894.4654850413993,0.0001,900.9137430364999
751,1802.0,901.892825,896.02476224,896.0247622803772,0.0001,901.8931380365
752,1804.0,903.079165,897.6572736649999,897.6572737043803,0.0001,903.0794780365
753,1806.0,902.4691399999999,897.42902219,897.4290222284079,0.0001,902.4694530364999
754,1808.0,900.07948,895.30209438,895.3020944174597,0.0001,900.0797930365
755,1810.0,897.972545,893.38598883,893.3859888665348,0.0001,897.9728580364999
756,1812.0,897.41643,892.91968733,892.9196873656327,0.0001,897.4167430365
757,1814.0,894.64047,890.2058097,890.2058097347531,0.0001,894.6407830365
758,1816.0,897.929725,893.393699345,893.3936993788949,0.0001,897.9300380364999
759,1818.0,901.85901,897.2125885,897.2125885330581,0.0001,901.8593230365
760,1820.0,900.86583,896.093221775,896.0932218072418,0.0001,900.8661430364999
761,1822.0,899.13987,894.09346598,894.0934660114458,0.0001,899.1401830364999
762,1824.0,897.510385,892.2141708600001,892.2141708906695,0.0001,897.5106980365
763,1826.0,898.7435300000001,893.0944415550001,893.0944415849123,0.0001,898.7438430365
764,1828.0,903.34938,897.32390775,897.3239077791736,0.0001,903.3496930365
765,1830.0,908.2668249999999,901.7936834999999,901.7936835284532,0.0001,908.2671380364999
766,1832.0,915.667605,908.761587945,908.7615879727508,0.0001,915.6679180364999
767,1834.0,924.283675,916.83701977,916.8370197970656,0.0001,924.2839880365
768,1836.0,934.2917799999999,926.2918586999999,926.2918587263973,0.0001,934.2920930364999
769,1838.0,945.3578249999999,936.724338915,936.7243389407456,0.0001,945.3581380364999
770,1840.0,958.8831749999999,949.5283028299999,949.5283028551099,0.0001,958.8834880364999
771,1842.0,973.18751,963.1027535349999,963.10275355949,0.0001,973.1878230364999
772,1844.0,989.300565,978.43375681,978.4337568338854,0.0001,989.3008780365
773,1846.0,1011.4812450000001,999.6769240100001,999.6769240332958,0.0001,1011.4815580365
774,1848.0,1039.9496849999998,1027.2369187099998,1027.2369187327204,0.0001,1039.9499980365
775,1850.0,1071.512055,1057.736112435,1057.7361124571594,0.0001,1071.5123680365
776,1852.0,1108.398525,1093.058854325,1093.0588543466124,0.0001,1108.3988380365001
777,1854.0,1196.08965,1179.06485634,1179.0648563610787,0.0001,1196.0899630365
778,1856.0,1277.594025,1259.1053349200001,1259.1053349405584,0.0001,1277.5943380365002
779,1858.0,1342.59643,1322.749586655,1322.7495866750508,0.0001,1342.5967430365001
780,1860.0,1445.900235,1423.2327066550001,1423.2327066745559,0.0001,1445.9005480365001
781,1862.0,1536.394135,1510.637285,1510.6372850190728,0.0001,1536.3944480365
782,1864.0,1630.91028,1603.675928345,1603.675928363602,0.0001,1630.9105930365001
783,1866.0,1718.42416,1687.697531655,1687.6975316731425,0.0001,1718.4244730365
784,1868.0,1835.706735,1800.5476016549999,1800.5476016726946,0.0001,1835.7070480365
785,1870.0,1998.4994550000001,1958.5048616550002,1958.5048616722581,0.0001,1998.4997680365002
786,1872.0,2197.2762199999997,2151.2373016549996,2151.237301671831,0.0001,2197.2765330364996
787,1874.0,2442.046075,2389.0226033450003,2389.0226033614167,0.0001,2442.0463880365
788,1876.0,2752.50914,2692.366796655,2692.366796671011,0.0001,2752.5094530365
789,1878.0,3092.071705,3024.407535,3024.4075350156154,0.0001,3092.0720180364997
790,1880.0,3451.65716,3374.859343345,3374.85934336023,0.0001,3451.6574730365
791,1882.0,3895.745785,3809.680003345,3809.680003359854,0.0001,3895.7460980365
792,1884.0,4390.134535,4293.323286655,4293.323286669487,0.0001,4390.1348480365
793,1886.0,4902.7905,4793.487646655,4793.48764666913,0.0001,4902.7908130365
794,1888.0,5531.92583,5411.474555,5411.47455501378,0.0001,5531.9261430365
795,1890.0,6168.706725,6036.838391655,6036.838391668441,0.0001,6168.7070380365
796,1892.0,6807.708975,6666.30404,6666.3040400131085,0.0001,6807.7092880365
797,1894.0,7499.29223,7353.186153345,7353.186153357785,0.0001,7499.2925430365
798,1896.0,8142.15063,7995.775916655,7995.77591666747,0.0001,8142.1509430365
799,1898.0,8834.969765,8692.624601655,8692.624601667161,0.0001,8834.9700780365
800,1900.0,9476.648075,9351.227021654999,9351.22702166686,0.0001,9476.6483880365
801,1902.0,10088.162395000001,9979.262496655001,9979.26249666657,0.0001,10088.162708036501
802,1904.0,10588.75555,10500.94363,10500.943630011283,0.0001,10588.7558630365
803,1906.0,11064.17382,11002.285338345,11002.285338356005,0.0001,11064.1741330365
804,1908.0,11471.588815000001,11433.206041655001,11433.206041665733,0.0001,11471.589128036501
805,1910.0,11809.24251,11790.335895,11790.335895010468,0.0001,11809.2428230365
806,1912.0,12131.080375,12129.232188345,12129.232188355209,0.0001,12131.0806880365
807,1914.0,12425.025005,12439.697973344999,12439.697973354956,0.0001,12425.0253180365
808,1916.0,12646.332075,12672.422101655,12672.422101664712,0.0001,12646.3323880365
809,1918.0,12823.31922,12861.900851655,12861.900851664472,0.0001,12823.3195330365
810,1920.0,12949.191875,12994.355105,12994.355105009237,0.0001,12949.1921880365
811,1922.0,13095.31975,13146.930260000001,13146.93026000901,0.0001,13095.3200630365
812,1924.0,13216.90929,13272.817986655,13272.817986663787,0.0001,13216.9096030365
813,1926.0,13286.00257,13346.075135000001,13346.07513500857,0.0001,13286.0028830365
814,1928.0,13332.30761,13397.081316655,13397.081316663358,0.0001,13332.3079230365
815,1930.0,13387.37254,13451.87761,13451.877610008152,0.0001,13387.3728530365
816,1932.0,13413.207124999999,13484.562429999998,13484.562430007949,0.0001,13413.2074380365
817,1934.0,13413.42678,13487.334133344999,13487.334133352753,0.0001,13413.4270930365
818,1936.0,13396.14655,13471.12845,13471.128450007564,0.0001,13396.1468630365
819,1938.0,13332.583390000002,13411.729158345002,13411.729158352378,0.0001,13332.583703036502
820,1940.0,13220.527520000001,13303.165565000001,13303.165565007195,0.0001,13220.527833036502
821,1942.0,13101.575225,13186.899636655,13186.899636662016,0.0001,13101.5755380365
822,1944.0,12955.26821,13044.487853345001,13044.487853351844,0.0001,12955.2685230365
823,1946.0,12802.34706,12894.387388345,12894.387388351674,0.0001,12802.3473730365
824,1948.0,12637.666875,12731.856296655002,12731.856296661512,0.0001,12637.667188036501
825,1950.0,12458.417085000001,12553.815371655,12553.815371661349,0.0001,12458.417398036501
826,1952.0,12254.296835,12350.366713345,12350.366713351192,0.0001,12254.2971480365
827,1954.0,12028.58882,12124.658698345002,12124.65869835104,0.0001,12028.589133036501
828,1956.0,11813.778785,11908.774116655,11908.77411666089,0.0001,11813.7790980365
829,1958.0,11600.282725,11693.666236654999,11693.666236660743,0.0001,11600.2830380365
830,1960.0,11411.470664999999,11502.839401655,11502.839401660602,0.0001,11411.4709780365
831,1962.0,11219.546805,11306.751673345,11306.751673350464,0.0001,11219.5471180365
832,1964.0,11026.97973,11109.752093345,11109.75209335033,0.0001,11026.9800430365
833,1966.0,10822.359855,10900.028121655001,10900.0281216602,0.0001,10822.3601680365
834,1968.0,10598.067270000001,10668.885301655002,10668.885301660071,0.0001,10598.067583036502
835,1970.0,10407.894675,10471.325198344999,10471.325198349943,0.0001,10407.8949880365
836,1972.0,10199.80737,10256.119021655,10256.119021659822,0.0001,10199.8076830365
837,1974.0,9985.719355000001,10034.106225000001,10034.106225004705,0.0001,9985.719668036501
838,1976.0,9773.311389999999,9812.698931654999,9812.698931659586,0.0001,9773.3117030365
839,1978.0,9569.459574999999,9599.847788345,9599.847788349474,0.0001,9569.4598880365
840,1980.0,9365.898925,9386.750536655,9386.750536659363,0.0001,9365.8992380365
841,1982.0,9176.95242,9187.595838345,9187.595838349256,0.0001,9176.9527330365
842,1984.0,8984.904825,8985.474368345,8985.47436834915,0.0001,8984.9051380365
843,1986.0,8802.199859999999,8793.904393345,8793.904393349048,0.0001,8802.2001730365
844,1988.0,8612.460765,8594.763015,8594.76301500395,0.0001,8612.4610780365
845,1990.0,8417.11931,8389.482003345,8389.48200334885,0.0001,8417.1196230365
846,1992.0,8244.745905,8207.706315,8207.706315003756,0.0001,8244.7462180365
847,1994.0,8091.990735,8046.220453345,8046.220453348663,0.0001,8091.991048036501
848,1996.0,7928.220245,7873.584953345,7873.5849533485725,0.0001,7928.220558036501
849,1998.0,7763.6248000000005,7700.796090000001,7700.796090003485,0.0001,7763.625113036501
850,2000.0,7591.959215000001,7521.340041655001,7521.340041658399,0.0001,7591.959528036501
